Addr,Lat,Lon
"201 A,22nd A cross, 17 A cross, ,3rd sector, HSR layout,Bangalore,Karnataka,560102",12.9086444,77.6437984
"Parinitha,Jairam estate, Jakkur,nan,Bangalore,Karnataka,560064",13.0672496,77.6084049
"2038,Indiranagar,HAL 2nd stage,Bangalore,Karnataka,560008",12.9673053,77.6433089
"71,GP Rajarampur 9th main,Hanumanthnagar,Bangalore,Karnataka,560019",24.3573495,88.1860087
"nan,Jp Nagara 9Th Phade,nan,Banagalore,Karnataka,560062",12.8682661,77.5633748
"173,Ak Colony Strrt ,nan,Banagalore,Karnataka,560045",12.9435113,77.6088608
"45,8Th Cross ,Vijayanagar,Banagalore,Karnataka,560072",12.973075,77.5219166
"42,Kamanahalli,Banagalore,Banagalore,Karnataka,560889",13.0173525,77.6335088
"nan,Sam,Kj Hali,Banagalore,Karnataka,560045",13.0262152,77.6199836
"42/1,Dinnur Mail Road,Banagalore,Banagalore,Karnataka,nan",13.0243415,77.5992459
"35,15TH CROSS SAGARPPURAM,NEAR LINGARAJPURAM,BANGALORE,KARNATAKA,560084",13.0053732,77.5780788
"M16,SECTOR 15, JEEVANBIMANAGAR,nan,BANGALORE,KARNATAKA,560075",12.964163,77.658076
"10, SILKBOARD COLONY,16TH MAIN, 5TH CROSS,HONGASANDRA, BEGUR ROAD,BANGALORE,KARNATAKA,560068",12.8886804,77.6228018
"11,5 'C' CROSS, 16TH MAIN,BTM 2ND STAGE,BANGALORE,KARNATAKA,560076",12.9105439,77.6118406
"323,3rd Main,JP Nagar phase 3,Bengaluru,Karnataka,560078",12.8940737,77.583809
"323,3rd Main,JP Nagar phase 3,Bengaluru,Karnataka,560078",12.8940737,77.583809
"652 Kamalhenu Apt,11th Main,A G B Layout Chikkasandra,Bengaluru,Karnataka,560090",13.0694028,77.5071285
"652 Kamalhenu Apt,11th Main,A G B Layout Chikkasandra,Bengaluru,Karnataka,560090",13.0694028,77.5071285
"91,203,3rd cross,Vayustutivarbhav Purandar Dasam,Akshaya Nagar,Bengaluru,Karnataka,560068",13.0076932,77.6682976
"91,203,3rd cross,Vayustutivarbhav Purandar Dasam,Akshaya Nagar,Bengaluru,Karnataka,560068",13.0076932,77.6682976
"91,203,3rd cross,Vayustutivarbhav Purandar Dasam,Akshaya Nagar,Bengaluru,Karnataka,560068",13.0076932,77.6682976
"91,203,3rd cross,Vayustutivarbhav Purandar Dasam,Akshaya Nagar,Bengaluru,Karnataka,560068",13.0076932,77.6682976
"91,203,3rd cross,Vayustutivarbhav Purandar Dasam,Akshaya Nagar,Bengaluru,Karnataka,560068",13.0076932,77.6682976
"201 A,22nd A cross, 17 A cross, ,3rd sector, HSR layout,Bangalore,Karnataka,560102",12.9086444,77.6437984
"Parinitha,Jairam estate, Jakkur,nan,Bangalore,Karnataka,560064",13.0672496,77.6084049
"2038,Indiranagar,HAL 2nd stage,Bangalore,Karnataka,560008",12.9673053,77.6433089
"71,GP Rajarampur 9th main,Hanumanthnagar,Bangalore,Karnataka,560019",24.3573495,88.1860087
"241/242,Noble Residency Road,Dodda Kammanahalli,Bangalore,Karnataka,560083",12.861267,77.6043123
"241/242,Noble Residency Road,Dodda Kammanahalli,Bangalore,Karnataka,560083",12.861267,77.6043123
"241/242,Noble Residency Road,Dodda Kammanahalli,Bangalore,Karnataka,560083",12.861267,77.6043123
"362,R.K. Hegde Nagar,Bengaluru,Bengaluru,Karnataka,560077",13.06828,77.629295
"7/28 4th Cross,nan,Bengaluru,Bengaluru,Karnataka,560029",12.9287621,77.608161
"11, Sri Venkalishara Nilaya,3rd Cross, Opp. Kavitha Cable, Vidyanagar,Dasarahalli,Bangalore,Karnataka,560057",13.0076932,77.6682976
"nan,nan,nan,Navundra,Karnataka,nan",15.3172775,75.7138884
"67,San City,J P Nagar,Bangalore,Karnataka,560078",12.9064139,77.5966973
"15, 19A cross,Rama temple ,Ijupura,Bangalore,Karnataka,560047",12.9425746,77.6281757
"91,3rd Cross,nan,Bangalore,Karnataka,560032",13.0298401,77.5961352
"D-503, Mantri Green Apt,Malleshwaram,nan,Bangalore,Karnataka,560003",12.9925789,77.5706887
"B303,Doddathogur,Electronic City,Bangalore,Karnataka,560100",12.8479159,77.6528024
"G21,Begur Road, Singsandra,Bommanahalli,Bangalore,Karnataka,560068",12.8973486,77.6262425
"A109, GK Jewel City,Parappana Agrahara Main Road,Kudlu,Bangalore,Karnataka,560068",12.8862565,77.6561378
"QTR. No. B-11,UAS Staff Quarters,Hebbala,Bengaluru,Karnataka,560024",13.0322669,77.5888062
"#268,Kendriya Vihaar,Yelahanka,Bengaluru,Karnataka,nan",13.1069827,77.5997891
"Flat-1105,Sobha MayFloner,Bellandur,Bengaluru,Karnataka,560103",12.9267833,77.6726791
"#729 Dream Residency,2nd Amain3rd Cross,BG Road,Bangalore,Karnataka,560076",12.8983974,77.5967598
"15154 Prestige Shantinikatan,Whitefield Road,ITPL,Bengaluru,Karnataka,560048",12.9626828,77.7339105
"Farushenor White A307,Terla Kalleri,Basauangar,Bangalore,Karnataka,560017",11.6426584,75.6368111
"E-18,Epsilon residenital company,Yemlur,Bengaluru,Karnataka,560037",12.9489488,77.6885319
"#252,2nd Main 1st stage, Pillanna Garden ,Bangalore ,Bangalore ,Karnataka,560084",13.0101378,77.6175273
"#42,Kammanhalli,nan,Bangalore ,Karnataka,560084",13.0173525,77.6335088
"#1,10th Cross 1st stage, Pillanna Garden ,Bangalore ,Bangalore ,Karnataka,560084",13.007442,77.614464
"91,3rd Cross,nan,Bangalore,Karnataka,560032",13.0298401,77.5961352
"D-503, Mantri Green Apt,Malleshwaram,nan,Bangalore,Karnataka,560003",12.9925789,77.5706887
"B303,Doddathogur,Electronic City,Bangalore,Karnataka,560100",12.8479159,77.6528024
"G21,Begur Road, Singsandra,Bommanahalli,Bangalore,Karnataka,560068",12.8973486,77.6262425
"A109, GK Jewel City,Parappana Agrahara Main Road,Kudlu,Bangalore,Karnataka,560068",12.8862565,77.6561378
"302,Shakaari Apts, Ittamadu main road,Banashankari stage 3,Bangalore,Karnataka,560085",12.9212791,77.5427927
"D 503,Mantri green apartment,Malleshwaram,Bangalore,Karnataka,560003",12.9925789,77.5706887
"D 503,Mantri green apartment,Malleshwaram,Bangalore,Karnataka,560003",12.9925789,77.5706887
"33,Anandapura,nan,Bangalore,Karnataka,560036",13.0249798,77.6944104
"33,Anandapura,nan,Bangalore,Karnataka,560036",13.0249798,77.6944104
"33,Jinkethahalli,nan,Bangalore,Karnataka,560036",13.008385,77.696008
"102 silicon capital,manipal counti road,Singasandra,Bangalore,Karnataka,560068",12.8737284,77.6433476
"E, 503 Mantri Elegance,Bannerghatta road,nan,Bangalore,Karnataka,560076",12.9126796,77.6016781
"D 503 Mantri Green apartments,Malleshwaram,nan,Bangalore,Karnataka,560003",12.9916302,77.5711719
"Farushna White A307,Tala kaveri layout,Basavanagar,Bangalore,Karnataka,560017",12.9673883,77.6797392
"117,ROSE GARDEN JP NAGAR 6TH PHAS,nan,BANGALORE ,KARNATAKA,560078",12.9048452,77.575554
"TF007,SGR Dental College Road,Marathalli,Bangalore,Karnataka,560037",12.949865,77.700526
"306,7th Main5thcross,,puttenahalli road,nan,nan,Bangalore,560076",12.8980801,77.5826449
"1900-09-16 00:00:00,5thmain 1st Phase,Manjunathnagar,Bangalore,Karnataka,560010",13.0040638,77.5554079
"76/1,B602,JpNagar 1st Phase,Bangalore,Karnataka,560078",12.9118374,77.579495
"57, ganganagudi,velangani line rd,Jakhalli,Bangalore,Karnataka,560013",12.8491204,77.6582893
"121-B Mahaveer Zephyr,Kodichikanahalli,_,Bangalore,Karnataka,560076",12.9009139,77.6192945
"-,JP Nagar,-,Bangalore,Karnataka,-",12.9063433,77.5856825
"806 16th A cross,9th Main,3rd blk, Jaya nagar,bangalore,Karnataka,560011",12.9355463,77.5829725
"1901-07-18 00:00:00,AYYAPPA,VEERABADRAPPA RD kammhalli,BANGLORE,KARNATAKA,56003",13.0159044,77.6378619
"#1173,2nd floor,26th A main Road,9th Block,Jayanagar,Bengaluru,Karnataka,560069",12.9172729,77.5934355
"1907-07-06 00:00:00,ANEKAL CHANDAPURA ROAD,BYAGADADENAHALLI,BANGLORE,KARNATAKA,562106",12.7592011,77.7036849
"#10045,10th block, Prestige Royale garden,Yelahanka hobli,Banglore,Karnataka,560064",13.1397899,77.5696689
"No 25, PRAKRUTHI VILLA,3rd CROSS,SS FARM RD,BANJARA LAYOUT,HORAMAVU-AGARA,BLR,560043",13.0079914,77.6454475
"plot no-301,Block A,shri sai sannadhi apartment,sector A,ist cross,amruthnagar,Near Amruthnagar police station,Bengaluru,karnataka,560092",13.0569438,77.598467
"201,NANDI ENCLAVE,MEGLAYOUT,2ND MAIN,B.NARAYANAPURA,BANGLORE,KARNATAKA,560016",12.9914202,77.6753881
"119.ROHINI NILAYAM,LRDE LAYOUT KARTHIK NAGAR,MARATAHALLI,BANGLORE,KARNATAKA,560037",12.970128,77.7001353
"501 A TRIFEGA STARLM,GARUDACHARPALYA,MAHADEVAPURA,BANGLORE,KARNATAKA,560048",12.9878279,77.7008509
"1142, DSR SUNRISE TOWERC,CHANASANDRA,nan,BANGLORE,KARNATAKA,560067",12.9821505,77.7602375
"129-A,3RD FLOOR,18-B Main,HSR Layout,BENGALURU,KARNATAKA,nan",12.9068414,77.6436407
"#133,DEENA BANDHU NAGAR,nan,BANGLORE,KARNATAKA,560008",12.9670063,77.6274796
"129-A-3RD FLR,18-B Main,HSR Layout,BENGALURU,KARNATAKA,nan",12.9068414,77.6436407
"37, 1ST CROSS,2ND BLOCK,AKSHAYA NAGAR,R.M.NGR BLR,KARNATAKA,560016",12.9867039,77.646024
"37, 1ST CROSS,2ND BLOCK,AKSHAYA NAGAR,R.M.NGR BLR,KARNATAKA,560016",12.9867039,77.646024
"#405,Sri vishnu garden, app,Duckahali, BTM layout,bengalore,karnataka,560076",12.8996887,77.6068928
"#3052,Jallahalli HMT main road,nan,Bangalore,Karnataka,560013",13.0468935,77.5419409
"#167,2nd main, BSK 2nd stage,padhmanagar,nbangalore,karnatka,560078",12.930559,77.5639552
"004 G S Residency,Gottigere,nan,BENGALURU,KARNATAKA,560083",12.8542972,77.5871414
"DOUBLE TREEBY HILTON,SARJAPUR ROAD,nan,BENGALURU,KARNATAKA,nan",12.9191337,77.6651331
"DOUBLE TREEBY HILTON,SARJAPUR ROAD,nan,BENGALURU,KARNATAKA,nan",12.9191337,77.6651331
"DOUBLE TREEBY HILTON,SARJAPUR ROAD,nan,BENGALURU,KARNATAKA,nan",12.9191337,77.6651331
"A302,CENTRAL PARK BAGALURU CROSS,nan,BENGALURU,KARNATAKA,560063",13.1211218,77.6133408
"D1 401, PURVA SUNFLOWER,MAGADI ROAD,nan,BENGALURU,KARNATAKA,560023",12.9758605,77.5570993
"1900-01-04 00:00:00,MEGHA MAANAY HOMES RR NAGAR,NANJAPA LAYOUT,BENGALURU,KARNATAKA,560098",12.9055314,77.504647
"30/1, 2ND FLOOR 5TH B CROSS,KASTURI NAGAR,nan,BENGALURU,KARNATAKA,560043",13.0056398,77.654775
"269/186,SARJAPUR ROAD AGARA,nan,BENGALURU,KARNATAKA,560102",12.9125399,77.6807909
"1900-01-06 00:00:00,MALLESHWARAM,nan,BENGALURU,KARNATAKA,560003",13.0019142,77.5713364
"1900-01-06 00:00:00,WHITEFIELD,nan,BENGALURU,KARNATAKA,560066",12.9698066,77.7499632
"1900-01-24 00:00:00,HORAMAVU,nan,BENGALURU,KARNATAKA,560043",13.0206268,77.6478852
"1900-01-24 00:00:00,HORAMAVU,nan,BENGALURU,KARNATAKA,560043",13.0206268,77.6478852
"1900-01-24 00:00:00,HORAMAVU,nan,BENGALURU,KARNATAKA,560043",13.0206268,77.6478852
"19, A CROSS,EGIPURA,nan,BENGALURU,KARNATAKA,560047",12.9461094,77.6278321
"THE PARK HOTEL ,M.G.ROAD,nan,BENGALURU,KARNATAKA,-",12.9738598,77.6195992
"The Park Hotel,M.G.Road,nan,Bangalore,Karnataka,nan",12.9740374,77.6193104
"1900-07-20 00:00:00,03rd B Cross,OMBR Layout,Bangalore,Karnataka,560043",13.0090545,77.6528182
"Double Tree by Hilton,Sarjapur Road,nan,Bengaluru,Karnataka,nan",12.9191337,77.6651331
"Double Tree by Hilton,Sarjapur Road,nan,Bengaluru,Karnataka,nan",12.9191337,77.6651331
"Double Tree by Hilton,Sarjapur Road,nan,Bengaluru,Karnataka,nan",12.9191337,77.6651331
"A302 Nitesh Central Park,Bagalur C Cross,nan,Bengaluru,Karnataka,560063",13.1211218,77.6133408
"D1 401, Purva Sunflower,Magadi Road,nan,Bengaluru,Karnataka,560023",12.9758605,77.5570993
"#004,Megha Maanay Homes, RR nagar,Nanjapa Layout,Bengaluru,Karnataka,560098",12.9055314,77.504647
"30/1, 2nd Floor, 5th B cross, 1st C Main,nan,Kasturi Nagar,Bangalore,Karnataka,560043",13.0056398,77.654775
"269/186,Sarjapura road, Agara,Agara,Bangalore,Karnataka,560102",12.9125399,77.6807909
"1900-01-06 00:00:00,2nd cross,SP Extn Malleshwaram,Bangalore,Karnataka,560003",12.9958229,77.5638099
"D006,Saranya Sarovar Apartment, Hagadul Main Road,Whitefield,Bangalore,Karnataka,560066",12.966034,77.7557001
"#24,6 Bcross, ,Horamuvu,Bangalore,Karnataka,560043",13.0345932,77.6548108
"#24,6 Bcross, ,Horamuvu,Bangalore,Karnataka,560043",13.0345932,77.6548108
"#24,6 Bcross, ,Horamuvu,Bangalore,Karnataka,560043",13.0345932,77.6548108
"#15,19, A Cross,Ejipura,Bangalore,Karnataka,560047",12.9460799,77.628098
"#695/1, 15th cross,J.P nagar 2nd phase,nan,Bangalore,KA,560078",12.9061609,77.5951478
"1900-06-21 00:00:00,AK Colony,nan,Bangalore,Karnataka,560045",12.9435113,77.6088608
"#252,2nd main, 1st stage, Pillanna Garden,nan,Bangalore,Karnataka,560084",13.0101378,77.6175273
"#241/242,Noble Residency Road,Dodda Kammanahalli,Bangalore,Karnataka,560083",12.861267,77.6043123
"C501,Purva Fountain Square,Marathalli,Bengaluru,Karnataka,560037",12.9574128,77.7055233
"nan,Manipal County Road,Singasandra,Bangalore,Karnataka,560068",12.8737284,77.6433476
"1903-03-01 00:00:00,Shanthikethan,nan,Bangalore,Karnataka,nan",13.062578,77.5016493
"1900-09-16 00:00:00,nan,Manjunathanagar,Bangalore,Karnataka,560010",12.9817986,77.5574781
"1900-09-16 00:00:00,nan,Manjunathanagar,Bangalore,Karnataka,560010",12.9817986,77.5574781
"1900-01-12 00:00:00,Achakapra,Abbaih Reddy layout,Bangalore,Karnataka,560093",12.9793499,77.6800964
"1900-07-25 00:00:00,nan,Kodichikkanahalli,Bangalore,Karnataka,nan",12.8953449,77.6150369
"66/3/3,Near Saolar  iater,School Vijnapura Doodani Napal,Bangalore,Karnataka,560016",13.0024795,77.6747291
"66/3/3,Near Saolar  iater,School Vijnapura Doodani Napal,Bangalore,Karnataka,560016",13.0024795,77.6747291
"G-2,Bohra Layout,Gottigere,Bangalore,Karnataka,560083",12.8564028,77.5907497
"G-2,Bohra Layout,Gottigere,Bangalore,Karnataka,560083",12.8564028,77.5907497
"G-2,Bohra Layout,Gottigere,Bangalore,Karnataka,560083",12.8564028,77.5907497
"G-2,Bohra Layout,Gottigere,Bangalore,Karnataka,560083",12.8564028,77.5907497
"1900-03-11 00:00:00,G.P Rayalanam Road,Hanumanth nagar,Bangalore,Karnataka,560019",12.9425468,77.5625781
"62 FORUM VALUE,WHITEFEILD,nan,BANGALORE,KARNATAKA,560066",12.9596271,77.7479488
"231/1 FALT NO 201,2ND FLOOR AHMED RESIDENCY,HBR LAYOUT 1ST STAGE,BANGALORE,KARNATAKA,560043",13.01818,77.6264055
"1900-03-02 00:00:00,4TH MAIN ROAD CHAMRAJPET,nan,BANGALORE,KARNATAKA,560018",12.9578529,77.5644993
"1900-03-02 00:00:00,4TH MAIN ROAD CHAMRAJPET,nan,BANGALORE,KARNATAKA,560018",12.9578529,77.5644993
"1900-03-02 00:00:00,4TH MAIN ROAD CHAMRAJPET,nan,BANGALORE,KARNATAKA,560018",12.9578529,77.5644993
"A302,SIDDHARTHA SAPHIRRE,KUDLU ROAD ,BANGALORE,KARNATAKA,560068",12.8894115,77.6535263
"A 705 KHEERTHI,SIGNATURE,WHITEFEILD,BANGALORE,KARNATAKA,560068",12.98731,77.7255547
"F-203 GODREJ E-CITY,DODATHAGURU,BANGALORE,BANGALORE,KARNATAKA,560100",12.8517252,77.6528568
"1900-09-23 00:00:00,4 CROSS,RMV 2ND STAGE,BANGALORE,KARNATAKA,560094",13.039301,77.5739817
"B 1404 ALDER,GODREJ WOODSMEN ESTATE,HEBBAL,BANGALORE,KARNATAKA,560024",13.0544261,77.5960248
"14 CAMBRIGDE ROAD,ULSOOR,nan,BANGALORE,KARNATAKA,560008",12.9747099,77.6256259
"B 1404 ALDER,GODREJ WOODSMEN ESTATE,HEBBAL,BANGALORE,KARNATAKA,560024",13.0544261,77.5960248
"2 15TH CROSS,AKSHAY NAGAR,nan,BANGALORE,KARNATAKA,560016",13.0115431,77.6793642
"879/2,1ST CROSS BM LAYOUT,nan,KG HALLI BANGALORE,KARNATAKA,560045",13.0145488,77.6259218
"81/A,VIVARA MASAN,HULIMAVU,BANGALORE,KARNATAKA,560076",12.8798154,77.6091128
"1900-01-21 00:00:00,7th Cross,Jai Bharath Nagar,Bangalore,Karnataka,560033",13.0030229,77.6323816
"1917-10-28 00:00:00,Benson Cross Road,Benson town,Bangalore,Karnataka,560046",12.9975397,77.6033663
"No 228,1st E Cross HRBR 3rd Block Kalyan Nagar,nan,Bengaluru,Karnataka,560084",13.0165834,77.6323856
"No 335,16th A Main 36 Cross,nan,Bengaluru,Karnataka,560041",12.923975,77.588419
"No 803 Embassy Orchid,8th Main road , Sadashivnagar,nan,Bengaluru,Karnataka,560080",13.009644,77.5777693
"No 1217,18th Main, 20th B cross A- Block Sahakaranagar,nan,Bengaluru,Karnataka,560092",13.0663965,77.5835814
"No 1217,18th Main, 20th B cross A- Block Sahakaranagar,nan,Bengaluru,Karnataka,560092",13.0663965,77.5835814
"No 64,1st Cross, 1st Main road Raja Reddy Layout,nan,Bengaluru,Karnataka,560073",12.9879565,77.5374955
"No 43,2nd Main Road Bethel Nagar L/O,nan,Bengaluru,Karnataka,560036",12.930337,77.5781141
"No 202,NR Springwood 10th Cross Road MCECHS Layout,RK Hegde Nagar,Bengaluru,Karnataka,560077",13.0667074,77.6252317
"No 114/1,OYO townhouse 242 , Kodathi,nan,Bengaluru,Karnataka,560035",12.8977229,77.7173754
"Bl 5,Prutvi Royal MCA Layout Kalena Agrahara,nan,Bengaluru,Karnataka,560076",12.8627994,77.5943562
"17/2,17/3,17/6,Horamavu,nan,Bengaluru,Karnataka,560016",13.0225858,77.6529585
"No 410,S.G Enclave New Rajanna Layout,Horamavu Agara,Bengaluru,Karnataka,560043",13.0399135,77.6563621
"Old 638 New 125,1st Cross,2nd Main Prakash Nagar,nan,Bengaluru,Karnataka,560021",12.9884832,77.559845
"Old 638 New 125,1st Cross,2nd Main Prakash Nagar,nan,Bengaluru,Karnataka,560021",12.9884832,77.559845
"Old 638 New 125,1st Cross,2nd Main Prakash Nagar,nan,Bengaluru,Karnataka,560021",12.9884832,77.559845
"No 14,Cambridge Road Ulsoor,nan,Bengaluru,Karnataka,560008",12.9747099,77.6256259
"No 14,Cambridge Road Ulsoor,nan,Bengaluru,Karnataka,560008",12.9747099,77.6256259
"Flat 101,A.H Residency Thomas Layout,Hadosiddapura,Bengaluru,Karnataka,560035",12.8983039,77.7021609
"Oakwood Residency No 62,Foram value Whitefield road,Whitefield,Bengaluru,Karnataka,560066",12.9596641,77.7478573
"Oakwood Residency No 62,Foram value Whitefield road,Whitefield,Bengaluru,Karnataka,560066",12.9596641,77.7478573
"B306,Paranjape Windfield,Yemlur Road,Bangalore,Karnataka,560037",12.9477003,77.6731896
"Hotel Alofat,KadubesanaHalli Outer Ring Road,nan,Bangalore,Karnataka,560103",12.9371619,77.6951926
"Hotel Alofat,KadubesanaHalli Outer Ring Road,nan,Bangalore,Karnataka,560103",12.9371619,77.6951926
"Hotel Alofat,KadubesanaHalli Outer Ring Road,nan,Bangalore,Karnataka,560103",12.9371619,77.6951926
"27./2,RSRT Colony,Hagadur White Field,Bangalore,Karnataka,560066",12.9661204,77.7570099
"nan,Gottikere,Shivajinagar,Bangalore,Karnataka,nan",12.9850244,77.6056939
"1900-03-22 00:00:00,chamarajanagar,nan,Bangalore,Karnataka,560085",11.9261471,76.9437312
"G430, 5th Cross,HAL OLD TWS,nan,Bangalore,Karnataka,560017",12.9552983,77.6616177
"no.13,Banashankri,nan,Bangalore,Karnataka,560001",12.9765944,77.5992708
"e-612,Raheja Residency,Kiramangala,Bangalore,Karnataka,560034",12.927931,77.631255
"1900-09-10 00:00:00,Kdathi gate, Sarjapura main road,nan,Bangalore,Karnataka,560035",12.9096692,77.6870813
"145./21,Rathansue,nan,Bangalore,Karnataka,560025",12.9662156,77.6067998
"1900-09-29 00:00:00,12th Main, BSK 1st Stage, 2nd Block,nan,Bengaluru,Karnataka,560050",12.9427633,77.5594196
"208, Comfort Arizona,Old Post Office Road,Yelachanahalli,Bengaluru,Karnataka,560078",12.9013064,77.5712496
"F1002,Gubbhala Village,nan,Bangalore,Karnataka,560082",12.7930129,77.5051501
"No 7, E No 1115,H.K.P Road,nan,Bangalore,Karnataka,560001",12.9886242,77.6026958
"1900-07-21 00:00:00,Friends Paradise Apartment,Munireddy Layout, Mahadevapura,Bangalore,Karnataka,560048",12.9901724,77.6835299
"1900-02-13 00:00:00,1st Main, 10 B cross, JC Nagar, Mahalakshmipuram,nan,Bengaluru,Karnataka,560086",13.014248,77.5450112
"1903-07-19 00:00:00,9th Main, 9th Cross, BEML, RR Nagar,nan,Bengaluru,Karnataka,560048",12.9214719,77.517713
"38, Thirumala Apartments,KHB Colony, Basaveshwara nagar,nan,Bangalore,Karnataka,560079",12.9833029,77.5399033
"38, Thirumala Apartments,KHB Colony, Basaveshwara nagar,nan,Bangalore,Karnataka,560079",12.9833029,77.5399033
"38, Thirumala Apartments,KHB Colony, Basaveshwara nagar,nan,Bangalore,Karnataka,560079",12.9833029,77.5399033
"38, Thirumala Apartments,KHB Colony, Basaveshwara nagar,nan,Bangalore,Karnataka,560079",12.9833029,77.5399033
"G 104,Sri Bhagwan Elite Apts, 59, Manipal County Road,Singasandra,Bangalore,Karnataka,560068",12.8730771,77.6441754
"KV 1091,1st Cross, BM layout,Venkateshpura,Bangalore,Karnataka,560045",13.0153786,77.62658
"1900-12-01 00:00:00,Rossarian Church, Carmelaram PO,nan,Bangalore,Karnataka,560035",12.9088622,77.7064034
"1900-01-25 00:00:00,1st Main, Kempaiah Block,nan,Bangalore,Karnataka,560006",13.0098531,77.5971875
"B 306,Paramjape Windfield,Yemlur,Bangalore,Karnataka,560037",12.9477003,77.6731896
"971/5,15th A cross,Yelhanka New Town,Bangalore,Karnataka,560064",13.0926435,77.5860527
"971/5,15th A cross,Yelhanka New Town,Bangalore,Karnataka,560064",13.0926435,77.5860527
"1900-01-03 00:00:00,Miniswamy Road,Taskertown ,Bangalore,Karnataka,560051",12.9812141,77.6070703
"A 102, Purva Sunshine,Sarjapur Road,nan,Bangalore,Karnataka,560035",12.9152657,77.6766244
"S7, Smaran Vaibhav,Gangadhar Apt,Vijayangar,Bangalore,Karnataka,560040",12.9750093,77.5340774
"B 402,ISR Sukriti Apts,Varthur,Bangalore,Karnataka,560087",12.9352761,77.7482034
"28, 5th B Cross,Kodihalli,HAL 2nd Stage,Bangalore,Karnataka,560008",12.9615965,77.6453843
"1900-06-04 00:00:00,Ambedkar Colony, Attibele,Anekal,Bangalore,Karnataka,562107",12.7768295,77.7740037
"19, Flat No 1,10th Cross, RBI Colony, Anand nagar,nan,Bangalore,Karnataka,560024",13.0295121,77.5907536
"19, Flat No 1,10th Cross, RBI Colony, Anand nagar,nan,Bangalore,Karnataka,560024",13.0295121,77.5907536
"1900-01-03 00:00:00,Omkar Nilayam, Near Gangamma Temple,KR Puram,Bengaluru,Karnataka,560036",13.0152667,77.6963981
"#3, Ananda Nilayam,Malleshwaram,19th Cross,Bengaluru,Karnataka,560055",13.0094947,77.5652862
"41, 5th cross,22nd main,JP nagar,Bengaluru,Karnataka,560078",12.9505251,77.5946904
"1900-07-03 00:00:00,3rd Cross,Cambridge Layout,Halasuru,Bengaluru,Karnataka,560008",12.9694163,77.6265358
"1900-01-23 00:00:00,7th Cross, 3rd Main,Rk Nagar, JP Nagar, 6th Phase,Bengaluru,Karnataka,560078",12.8979226,77.5673873
"1820/11,C Block, Shankara Nagar,nan,Bengaluru,Karnataka,560092",13.063193,77.586285
"AI,Sraddha Fairfield,1st Cross road,Rustam Bagh Layout,Bengaluru,Karnataka,560017",12.9550673,77.6490056
"47,7th cr.,BSK II stage,-,Bangalore,Karnataka,560070",12.9383463,77.5367731
"1900-02-16 00:00:00,BSK II stage,-,Bangalore,Karnataka,560070",12.9248711,77.5662406
"108/68,6th main road,Jayanagar,Bangalore,Karnataka,560041",12.9219456,77.5810676
"#114,1st Cross road,R.S Palya,M.S.Nagar Post,Bengaluru,Karnataka,560033",13.0087207,77.6417086
"#976,27th 'A' Main,9th Block Jayanagar,Bengaluru,Karnataka,560069",12.9194787,77.5948444
"Althens- Z- 004,Prestige Acropolis,Koramongala,Bengalore,Karnataka,560068",12.9356251,77.610489
"54.2nd Main,Masjid Street, Kaisarnagar,R T Nagar,Bangalore,Karnataka,560032",13.0074486,77.5930427
"#469 EWS 707 CHS Gomathi Nilaya,3rd Main,4th cross ,nan,Bangalore,Karnataka,560064",12.9028429,77.6898884
"Near Old Khidwali Nursery school Shimoga,K.R.Poram Road,nan,Shimoga,Karanataka,577202",29.0100045,76.5806097
"139,Adarsh serenity,Kannamangala,Bhudigere cross - hofarm,Bangalore,Karanataka,560067",13.030201,77.7632073
"0-9,Doddakamanahalli,HULIMAVD,Banglore,Karnataka,560076",12.8496672,77.5999347
"#8,5th Cross,Malleshwaram,Banglore,Karnataka,560003",12.9968666,77.5736396
"#204,Hadagur Road,Forum Value Mall,Banglore,Karnataka,560066",12.9596271,77.7479488
"#204,Hadagur Road,Forum Value Mall,Banglore,Karnataka,560066",12.9596271,77.7479488
"#204,Hadagur Road,Forum Value Mall,Banglore,Karnataka,560066",12.9596271,77.7479488
"3rd Floor,mohertersa road,Austin Town,Banglore,Karnataka,560047",12.9616307,77.614206
"nan,Urban Kuteer,R R Nagar,Banglore,Karnataka,560098",12.9306083,77.5116449
"#1039,Ashok Nagar,Banglore,Banglore,Karnataka,560050",12.9369685,77.5608672
"DS - Mar Sterling,70/1 Rajbhvn Rad,Varthur,Bangalroe,Karnataka,560087",12.9415788,77.7506736
"#160 Balagi Layout,Byadarahalli magadi Raod,-,Bangalroe,Karnataka,560091",12.985278,77.479069
"12/1,9th A main,BTM Laoyout,Bangalroe,Karnataka,560029",12.9168972,77.6052333
"819 1st cross mmuniyappa,Dinnur Main raod,R.T Nagar,Bangalroe,Karnataka,560032",13.0241022,77.5981842
"1900-04-16 00:00:00,6th Main road,Jayanagar,Bangalroe,Karnataka,560011",12.9263843,77.5811354
"J Block 4th 402,Doddaballapur Road,Manasandra,Bangalroe,Karnataka,nan",13.1993646,77.5617449
"27/1,Harkis,Beson town,Bangalroe,Karnataka,-",12.999084,77.606885
"1900-04-25 00:00:00,Astin town,-,Bangalroe,Karnataka,560047",12.9587681,77.6159946
"#9, 4th main,shamana gowda layoot,Ulsoor,Bangalroe,Karnataka,560008",12.973496,77.6292618
"B-410 Brigade Petunia,17th cross 2A main,Banashankari 2nd stage,Bangalore,Karnataka,560070",12.9274616,77.5714795
"303, Sanjana Residency,Subramanyapura main road,Gubbalala,Bangalore,Karnataka,560061",12.8907365,77.5421966
"1933-02-08 00:00:00,Prestige Shantiniketan apartment,Hoodi, Whitefield,Bangalore,Karnataka,560048",12.994595,77.727118
"4, Durga Nivas,Vaderahalli,Laxmipur road,Bangalore,Karnataka,560097",13.0908037,77.5391828
"4, Durga Nivas,Vaderahalli,Laxmipur road,Bangalore,Karnataka,560097",13.0908037,77.5391828
"1900-01-21 00:00:00,Venkatapppa street,nan,Bangalore,Karnataka,560004",12.9437506,77.5737598
"1900-01-29 00:00:00,Kousar Nagar,nan,Bangalore,Karnataka,560032",13.0297992,77.6047037
"1901-10-15 00:00:00,4th main 8th cross 4th stage BEML,R R nagar,Bangalore,Karnataka,560098",12.912535,77.5248852
"C27,Kudremukh Colony,Koramangala,Bangalore,Karnataka,560034",12.9244285,77.6259695
"16, 1st block,2nd Street Prakurthi Layout Horamavu,Babusapalya,Bangalore,Karnataka,560043",13.0230881,77.6521568
"1900-01-02 00:00:00,18th cross 22nd main,nan,Bangalore,Karnataka,560078",13.0087675,77.565778
"297 Canara Bank Colony,Bank Colony, Nagarabhavi Road,nan,Bangalore,Karnataka,560072",12.9676,77.523904
"1900-01-17 00:00:00,Green Villa, Santriti Nagar,J.P Nagar,Tayalex,Karnataka,560078",12.898773,77.5764094
"1900-01-22 00:00:00,N.S Palaya,nan,Bangalore,Karnataka,560076",12.9096748,77.6068637
"No.55, 2nd Main,Muniswamy Reddy layout,KR-Puram,Bangalore,Karnataka,560016",13.0180514,77.6832013
"p5-4 vasanth,Vihar,Billamaranahalli,Bangalore,Karnataka,562157",13.154171,77.6419787
"1900-01-02 00:00:00,jauksandra,Koramangala,Bangalore,Karnataka,nan",12.9351929,77.6244807
"1900-03-16 00:00:00,Adhitya Nagar,nan,Bangalore,Karnataka,560097",13.0809029,77.5564981
"A-603,Rachenahalli,nan,Bangalore,Karnataka,560077",13.0615195,77.6163803
"F.no:107,Sm Road,Jakihalli,Bangalore,Karnataka,560057",12.9722737,77.5744529
"No. 15A,9th Main,BTM 1st stage,Bengaluru,Karnataka,560076",12.9316839,77.5837494
"26/8,Amplipura,Haralur,Road, off Sarjapur,Road, Bengaluru,Karnataka,560102",12.914387,77.6665168
"Above Renukadevi fruis,Imadih alli mainroad,nan,whitefild,Karnataka,560067",13.0784651,77.791321
"16, sree venkateshan,Punyabhoomi layout,nan,Bengaluru,Karnataka,560043",13.0306828,77.6732975
"#37,Kamala Nagar,Basaveshwara Nagar,Bengaluru,Karnataka,560079",12.991663,77.537697
"Ft NO.1127,shobha Sunscape,Kanakpura,Bengaluru,Karnataka,560098",12.8643066,77.5212751
"No21, 2nd floor ,E.No 2nd street Halasuru,nan,Bengaluru,Karnataka,560008",12.9817001,77.6284152
"nan,basaveshwara nagar,nan,Bengaluru,Karnataka,561203",12.9879576,77.5374662
"A 306,vedant Vayun,Yellen halli,Bengaluru,Karnataka,560068",12.8594075,77.6118653
"Ritika apartment,5th cross, 4th cross patel muniyappa,Hebbal,Bengaluru,Karnataka,560032",13.0375016,77.6020065
"Ritika apartment,5th cross, 4th cross patel muniyappa,Hebbal,Bengaluru,Karnataka,560032",13.0375016,77.6020065
"47/A, 1st floor,RPC layout/vijaya nagar,nan,Bengaluru,Karnataka,560040",12.9628174,77.5378937
"4202 Centur Paradise,1115/3 Tejasanani Nagar,nan,Bangalore,Karnataka,560076",12.8693424,77.5776204
"#9th,HSR l/o,nan,Bangalore,Karnataka,560102",12.9132553,77.6353707
"Flot101,judaro,Thari samdra main road,sarapelya,Bangalore,Karnataka,560077",13.0551668,77.6023865
"1901-01-09 00:00:00,8th Block,Jayanagar,Bengaluru,Karnataka,560086",12.9197736,77.5777031
"Renaissance Hotel,-,-,Bengaluru,Karnataka,-",12.9838693,77.5764373
"Renaissance Hotel,Bengaluru,-,Bengaluru,Karnataka,-",12.9838693,77.5764373
"Renaissance Hotel,-,-,Bengaluru,Karnataka,-",12.9838693,77.5764373
"-,Bengaluru,-,-,-,-",12.9715987,77.5945627
"-,Bengaluru,-,-,-,-",12.9715987,77.5945627
"1901-08-18 00:00:00,9th main, 5th cross,Kempapura,Bengaluru,Karnataka,560024",13.0509978,77.6049944
"802 Sai Palace,Warehouse road Ballalbagh,-,Mangalore,Karnataka,575003",12.8821822,74.8382513
"191, Ascot Apartments,Defence Colony Indiranagar,HAL 2nd stage,Bengaluru,Karnataka,560038",12.9741232,77.6437588
"K-001, Mantri Paradise,Bannergatta Road,nan,Bengaluru,Karnataka,560076",12.8909361,77.5993702
"FF10, SLS Silver day,Virupaxpur,Kodige Halli,Bengaluru,Karnataka,560097",13.0653597,77.574016
"FF10, SLS Silver day,Virupaxpur,Kodige Halli,Bengaluru,Karnataka,560097",13.0653597,77.574016
"Greater Kailash Apartment ,15th Main 1st Cross,Murgeshpalya,Bengaluru,Karnataka,560017",12.9581757,77.6557097
"# 29, flat 1,2nd cross,manjunath layout, Belekehalli,Bengaluru,Karnataka,560076",12.899407,77.6025944
"1900-07-23 00:00:00,Acine Amusarry,nan,Bengaluru,Karnataka,nan",12.9715987,77.5945627
"461,mico layout,nan,Bengaluru,Karnataka,560076",12.9128039,77.6043174
"773,10th main road, AGB layout,Bengaluru,Bengaluru,Karnataka,560090",13.0614761,77.5033384
"Ritika apartment,5th Cross, patel muniappa layout,Hebbal,Bengaluru,Karnataka,560032",13.0375016,77.6020065
"Unit 107, Indus, Signature,Eshawr Layout, Indra Nagar,nan,Bengaluru,Karnataka,560008",12.973481,77.6329058
"01, Synapse,BEML layout,nan,Bengaluru,Karnataka,560068",12.959641,77.717308
"003, ABLK,Sumuicha Kalpa Vrksha Apt,KodichikkanaHalli, BTM ,Bengaluru,Karnataka,nan",12.8953449,77.6150369
"Green Heritage PG,BTM 2nd Stage,nan,Bengaluru,Karnataka,560076",12.9076814,77.6066363
"35, GR 1,Surabhi Apts,Kamakshipalya,Bengaluru,Karnataka,560079",12.9952871,77.5317902
"201, Plot # 18,Ashtalakshmi layout,Puttenahalli,Bengaluru,Karnataka,560078",12.8995413,77.5827175
"flat # 2,Chinapanhalli,nan,Bengaluru,Karnataka,560037",12.9670265,77.7047758
"Renaissance Hotel,Race Course Road,nan,Bengaluru,Karnataka,560001",12.9838693,77.5764373
"42,2nd main,Venkatachala nagar,Bangalore,Karnataka,560094",13.0206036,77.5880011
"949,13th A cross,Manarayanapuram,Bangalore,Karnataka,560032",13.0295324,77.6051983
"# 8,8th cross,hebbal,Bengaluru,Karnataka,560049",12.9997568,77.5753172
"7012,ITPLMain road,Prestige Shantiniketan,bangalore,Karnataka,560049",12.989259,77.7312377
"Grancarmen address, Villa # 10,Sarjapur road,nan,bangalore,Karnataka,560035",12.90064,77.711096
"41/4, 8th cross,gangotri nilayam,Whitefield,bangalore,Karnataka,560066",13.0005391,77.5755106
"3001.tg Epitome,Chikkanagamangala,Anekal,bangalore,Karnataka,560099",12.8672164,77.6897416
"Flat T-2, Hani Towers,Kavalbysandra,nan,bangalore,Karnataka,560032",13.0297992,77.6047037
"#402 MJ Lifestyle,Singasandra,nan,bangalore,Karnataka,560083",12.8839072,77.6823336
"401, MR Fantasy,KGF Munireddy Layout,Mahadevapura,bangalore,Karnataka,560048",12.9905302,77.6837793
"B-205,Pride spring field,Uttarahalli,Bengaluru,Karnataka,560061",12.89397,77.5385052
"B-205,Pride spring field,Uttarahalli,Bengaluru,Karnataka,560061",12.89397,77.5385052
"K 104, Mounica Espancia Apt,Banjara layout,Horamavu Agra,Bengaluru,Karnataka,560043",13.0371268,77.6643917
"313 4th cross,Subramanya Pura post,Gaudanpallaya,Bengaluru,Karnataka,560061",12.8930608,77.5390166
"248,1st cross street jaminpir,KR Puram,Bengaluru,Karnataka,560036",12.9933426,77.6707552
"B-1004,Kumar Prince town Shettihalli,Jalahalli West ,Bengaluru,Karnataka,560015",13.0608766,77.519802
"207,brigade mileniem,nan,Benaluru,karnataka,560078",12.8909393,77.5826761
"4143 Prestige jade pavillion,Bhoganhalli,nan,Benaluru,karnataka,560103",12.9215563,77.6960555
"D-13 Good earth Malhar,Mosiac,Kangeri,Benaluru,karnataka,560074",12.8845864,77.4648058
"135/2c,6th main , 14th cross,JP Nagar phase 3,Benaluru,karnataka,560078",12.908344,77.5972637
"A-004, Srindhi residency,Neeladri,Electronic city  pahase 1,Benaluru,karnataka,560100",12.8420885,77.6456819
"A-202, Canopy Gtadle,7 th cross bank avenue extention,Babuspallaya,Benaluru,karnataka,560043",13.0231477,77.653616
"6, 1st cross,J.P. Nagar,J.P. Nagar,Benaluru,karnataka,560006",12.897962,77.58236
"22/23, F No, 202 Nandini Sunshine,1st Main road , Subramanyapura,Uttarahalli,Benaluru,karnataka,560061",12.9011276,77.5463895
"207 VANDANA ORCHID,1ST MAIN LAKSHMI STREET KOTHUNUR ROAD,JP NAGAR 8TH PHASE,BANGALORE,KARNATAKA,560078",12.8797367,77.5856342
"2B 1104,SUNCITY GLORIA APB,SARJAPUR ROAD,BANGALORE,KARNATAKA,560035",12.9024675,77.7067249
"#61-GF,LIC LAYOUT,RR NAGAR,BANGALORE,KARNATAKA,560098",12.9155497,77.5134699
"#61-GF,LIC LAYOUT,RR NAGAR,BANGALORE,KARNATAKA,560098",12.9155497,77.5134699
"#71 KANAKALAYA BUILDING,TMN STREET 3RD MAIN,NEW THIPPASANDRA,BANGALORE,KARNATAKA,560075",12.9753767,77.6499154
"SLN SUNRISE RESIDE NCT FLAT-106,BELLATHUR KODUGODI,nan,BANGALORE,KARNATAKA,560067",13.0049083,77.7542831
"#21,SINGAPURA VILLAGE ,VIDYARANYAPURA,BANGALORE,KARNATAKA,560097",13.0807297,77.5363395
"F-204 TOWER 3,ADARASH PALM RETREAT,BELLANDUR,BANGALORE,KARNATAKA,560103",12.917127,77.6895324
"31/K ROYAL LITADEL,MANIPAL COUNTRY ROAD,SINGASANDRA,BANGALORE,KARNATAKA,560068",12.876262,77.6392228
"#20 5th  MAIN ROAD ,MANJUNATHA NAGAR,HORAMARU KALKERE,BANGALORE,KARNATAKA,560043",13.0152918,77.6393207
"B-224 SSVR LOTUS POND APARTMENT,HALASAHALLI,VARTHUR,BANGALORE,KARNATAKA,560087",12.936943,77.7510529
"G-001 ,SRI SAI ELENA APARTMENT,7TH CROSS AYAPPA NAGAR,BANGALORE,KARNATAKA,560049",13.0075857,77.721054
"#380,VIJAYANAGAR BASHETTIHALLI,DODDABALLAPUR,BANGALORE RURAL,KARNATAKA,561203",13.2601044,77.5540605
"T 12114,EAGALETON GOLF RESORT,nan,BIDADI,KARNATAKA,562109",12.7970244,77.4137713
"#350,12th CROSS 4TH MAIN,2ND BLOCK RT NAGAR,BANGALORE,KARNATAKA,560032",13.0210114,77.597108
"#15/1,V V PURAM,nan,BANGALORE,KARNATAKA,560004",12.951453,77.576991
"43E,14TH MAIN,SBI STAFF COLONY VIJAYANAGAR,BANGALORE,KARNATAKA,560040",12.9698253,77.5389937
"43E,14TH MAIN,SBI STAFF COLONY VIJAYANAGAR,BANGALORE,KARNATAKA,560040",12.9698253,77.5389937
"43E,14TH MAIN,SBI STAFF COLONY VIJAYANAGAR,BANGALORE,KARNATAKA,560040",12.9698253,77.5389937
"43E,14TH MAIN,SBI STAFF COLONY VIJAYANAGAR,BANGALORE,KARNATAKA,560040",12.9698253,77.5389937
"st Cross,4th Main, Hebbal,nan,Bangalore,Karnataka,560024",13.0353557,77.5987874
"#106, 3rd A Cross,3rd A Cross,nan,Bangalore,Karnataka,560036",12.9748441,77.5111237
"58/1 Rosey Cottage,13th Main Road,J.P Nagar 1st Phase,Bangalore,Karnataka,560078",12.9120285,77.573862
"36, 7th B main,4th cross , BTM Layout,Old Gudureed palya,Bangalore,Karnataka,560029",12.919122,77.6024969
"N-90,Shareef Nagar,Yashwanthpur,Bangalore,Karnataka,nan",13.0250302,77.5340242
"302 S.M Heritage,MS/Palya,nan,Vidynagar,Bangalore,560097",13.0813154,77.5482546
"406,Asha township,Kanan,Bangalore,Karnataka,nan",13.0626001,77.6754448
"#19,1st main,KHM block,5th cross,nan,Bengaluru,Karnataka,560032",12.9232922,77.6365569
"H-408,Raheja residency,Kormangala 3rd blk,Bangalore,Karnataka,560034",12.927931,77.631255
"N-404 Purva Venezia,Yelahanka,nan,Bengaluru,Karnataka,641034",13.0972391,77.5702975
"nan,Binni lavast,nan,nan,Vijayaynagar,nan",12.9577076,77.5296963
"00 5,Sai Vihar apartment,T C palya road,Bangalore,Karanataka,560036",13.0221206,77.696086
"2,Govindapura,Main road opposite Dr Prajyul clinic,Bangalore,Karnataka,560045",13.0353393,77.6153626
"206,srinivasa residency,Nagaraja layout,Vijayanagar main , BLR,Karnataka,560066",12.9637976,77.647177
"#02 S.V Heritage,Captain Munchi layout,Lingarajapuram,nan,Karnataka,560084",13.0149243,77.6287045
"458,4th cross 11th main,Canara Bank layout,Bangalore,Karnataka,560097",13.0680599,77.575926
"22,Maahagalamagudi beedi,Devanahalli,Bangalore rural,Karnataka,562110",13.2437197,77.7172413
"K104 Mounica Esp Appartment,2ND CROSS BONGARE LAYOUT,AGRA MONAMORA,Bangalore,Karnataka,560043",13.0277115,77.6496478
"#413 13Th Main,LAKKASANDRA,ADUGUDI,Bangalore,Karnataka,560030",12.9441291,77.5983543
"#10 Yeni Mane,NEAR SILICON VALLEY HIGH SCHOOL,RATNAMMA LAYOUT ELECTRONIC CITY,Bangalore,Karnataka,560100",12.8537979,77.6714245
"#4174/B Block ,9TH CROSS SUBRAMANYA NAGAR,nan,Bangalore,Karnataka,560021",13.004136,77.5605301
"8/12 3D Main Road,ANTIGUPPE,nan,Bangalore,Karnataka,560040",12.9621018,77.5337131
"# 120 Konnappanagrara,ELECTRONIC CITY,nan,Bangalore,Karnataka,560100",12.8498481,77.6544856
"Flat No 15,CHINASWAMI LAYOUOT 10TH CROSS ,HORMAVU,Bangalore,Karnataka,560043",12.9787937,77.5998155
"1010 Imperial Solitaire ,6TH MAIN 24TH CROSS ,HSR LYOUT SCTOR 7 ,Bangalore,Karnataka,560102",12.9086879,77.6328051
"1010 Imperial Solitaire ,6TH MAIN 24TH CROSS ,HSR LYOUT SCTOR 7 ,Bangalore,Karnataka,560102",12.9086879,77.6328051
"2 Shankarpuram,nan,nan,Bangalore,Karnataka,560004",12.9561689,77.567609
"121,2ND MAIN ROAD SAMVRIDDHI ENCLAVE,2ND STAGE KUMARSWAMY LAYOUT ,Bangalore,Karnataka,560111",12.9064692,77.5583511
"Villa No 75 The Retreat,TARBANAHALLI,JALAHOBLI,Bangalore,Karnataka,562157",13.1911165,77.625457
"75,RETREAT ASSCOAITION,TARBANHALLI,Bangalore,Karnataka,562157",13.1037041,77.4809523
"#596 1St Phase 2Nd Cross,ITI LAYOUT MYSIRE ROAD OPP GOPLAN ARCAE,nan,Bangalore,Karnataka,560039",12.6369178,77.129345
"G3, Akshaya Residency,ROOPENA AGRAHARA 10TH MAIN,nan,Bangalore,Karnataka,560068",12.9112517,77.6247982
"G3, Akshaya Residency,ROOPENA AGRAHARA 10TH MAIN,nan,Bangalore,Karnataka,560068",12.9112517,77.6247982
"No G3,Akshaya Residency,Roopena Agrahara 10th Main,nan,Bengaluru,Karnataka,560068",12.9112517,77.6247982
"No G3,Akshaya Residency,Roopena Agrahara 10th Main,nan,Bengaluru,Karnataka,560068",12.9112517,77.6247982
"No 4143,Prestige Jade pavillion Bhoganahalli,nan,Bengaluru,Karnataka,560103",12.9215563,77.6960555
"No 1,1st Cross Road yellukunte,HSR Layout,nan,Bengaluru,Karnataka,560102",12.913429,77.625624
"Unit 602,shriram chirping Woods, 12th Main Road, Shubh Enclave,Halsur Road,nan,Bengaluru,Karnataka,560102",12.9091301,77.6693646
"No 1151,H.A.L 2nd Stage 12th Main Raod, Indiranagar,nan,Bengaluru,Karnataka,560008",12.9701479,77.6426325
"No 2014,High Point 2, Palace Raod,nan,Bengaluru,Karnataka,560001",12.9852968,77.5879946
"No A-203,Esteem Royale,Nirguna Mandir Layout, cauvery Colony,Egipura,nan,Bengaluru,Karnataka,560047",12.9314365,77.636885
"No 436,13th Block,HSR Layout,Bengaluru-South,nan,Bengaluru,Karnataka,560102",12.911862,77.6445923
"MF-22/9,Nandini layout,nan,Bengaluru,Karnataka,560096",13.014365,77.534099
"No 252/A,4th Cross,Venkatapura,Koramangala 1st Block,nan,Bengaluru,Karnataka,560034",12.9221893,77.6352722
"Flat 102,S.V Paradise, 1934 Block,AECS Layout,Brookfield,Bengaluru,Karnataka,560037",12.9653259,77.7139484
"E-1,Rustom G Residency,Richmond Road,nan,Bengaluru,Karnataka,560025",12.9665998,77.6083946
"No 72 G1,Aditya Nivas,2nd Cross Manorayanpaly,RT Nagar,nan,Bengaluru,Karnataka,560032",12.9039357,77.5921078
"No 307,7th Main HRBR Layout,nan,Bengaluru,Karnataka,560093",13.0200178,77.6430071
"No 1110,2nd Floor,16th Main,17th Cross,BTM Layout,2nd Stage,nan,Bengaluru,Karnataka,560029",12.9071723,77.6110126
"No Y6-101,Greenwood Regency,Kaiknodrahalli,Sarjapur road,nan,Bengaluru,Karnataka,560035",12.9138057,77.6833284
"B-417,Gopalan Aristorat,nan,Bengaluru,Karnataka,560043",13.0011165,77.660769
"No G2 Ram Nivas,# 42,7th Main,7th Cross,Malleswaram,nan,Bengaluru,Karnataka,560003",12.9624288,77.5393834
"Kiran Andani Building Chancery A Block 106,Devanahalli,nan,Bengaluru,Karnataka,562110",13.0671871,77.5832403
"No 204,Tristar Aishwarya,Pattandur Agrahara,Whitefield,nan,Bengaluru,Karnataka,560066",12.9768948,77.7338917
"5,Tindlu,V R Our post,Bangalore ,Karnataka,560097",13.0714902,77.5689097
"nan,nan,Nagawara,Bangalore ,Karnataka,560045",13.0421565,77.6135776
"nan,nan,Bangalore ,Bangalore ,Bangalore ,560076",12.843953,77.5908801
"nan,nan,Bangalore ,Bangalore ,Bangalore ,560076",12.843953,77.5908801
"nan,Sangam road,Bangalore ,Bangalore ,Bangalore ,560042",12.9832953,77.6118053
"33,Hanummaiah Road,Hanummaiah Road,Kodigehalli,Bangalore ,560092",12.9778735,77.626722
"nan,nan,Adugudi ,Koramangala,Bangalore ,560030",12.9441502,77.607623
"nan,nan,Bangalore ,Bangalore ,Bangalore ,560076",12.843953,77.5908801
"FLAT 503 #16,SK RESIDENCY, KODIHALLI,INDIRANAGAR,BANGALORE,KARNATAKA,560008",12.9662628,77.6483551
"99 DEE ENCLAVE,5TH KODIGEHALLI,YELAHANKA,BANGALORE,KARNATAKA,560092",13.0575668,77.5821803
"#99,DEE ENCLAVE KODIGEHALLI,nan,BENGALURU,KARNATAKA,560092",13.0586322,77.583132
"C-605,RENAISSANCE BELLARY ROAD,nan,BANGALORE,KARNATAKA,560092",13.064264,77.59419
"FLAT NO. 6 BUILDING NO. 64,KORMANGALA 8TH BLOCK,nan,nan,nan,560095",12.9414686,77.6178125
"749 2ND FLOOR,ITI LAYOUT FIRST MAIN,BOMANHALLI,BANGALORE,KARNATAKA,560068",12.9003812,77.6409048
"749 2ND FLOOR,ITI LAYOUT FIRST MAIN,BOMANHALLI,BANGALORE,KARNATAKA,560068",12.9003812,77.6409048
"749 2ND FLOOR,ITI LAYOUT FIRST MAIN,BOMANHALLI,BANGALORE,KARNATAKA,560068",12.9003812,77.6409048
"749 2ND FLOOR,ITI LAYOUT FIRST MAIN,BOMANHALLI,BANGALORE,KARNATAKA,560068",12.9003812,77.6409048
"331 F2 KRISHNA APARTMENT,HMT LAYOUT,R T NAGAR,BANGALORE,KARNATAKA,560032",12.9868444,77.59241
"NO 13 CENTRAL EXCISE LAYOUT,1ST CROSS 8TH MAIN VIJAYANAGAR,nan,BANGALORE,KARNATAKA,560040",12.9745892,77.5330062
"#08 14TH A CROSS ,4TH MAIN,CHINNAPPA GARDEN,BANGALORE,KARNATAKA,560046",13.0061785,77.6011712
"23924,HSR LAYOUT SECTOR 2 ,nan,BANGALORE,KARNATAKA,560102",12.9092332,77.6467097
"NAGAHAI RESIDENCY,JAYANAGAR,nan,BANGALORE,KARNATAKA,nan",12.9363677,77.5768541
"19TH CROSS MALLESHWARAM,BHERAVANATH,nan,nan,nan,nan",13.0094947,77.5652862
"F01 1ST FLOOR BALAJI NELAYAM,HIMAGIRI SILICON LAYOUT,ELECTRONIC CITY PHASE 1 ,nan,nan,nan",12.8440148,77.643916
"D2 BRINDAVAN APARTMENT,ADUGODI,HOSUR ROAD,BANGALORE,KARNATAKA,560030",12.9383132,77.6096914
"16,10,11 F1,Mahadevapura,Ranganatha layout,Bangalore,Karnataka,560048",12.987432,77.6853152
"nan,nan,nan,Bangalore,Karnataka,560042",12.9850244,77.6056939
"nan,A street,nan,Bangalore,Karnataka,560051",12.9850244,77.6056939
"T-5,Everest enclave,nan,Bangalore,Karnataka,560098",12.9064422,77.521232
"003  Ansal Apartment,Hosur Mn Rd,Adugodi,Bangalore,Karnataka,560030",12.9378069,77.6100691
"003  Ansal ,Hosur Mn Rd,Adugodi,Bangalore,Karnataka,560030",12.9378069,77.6100691
"A1,Srinivasa,3rd cross Yadava Farma,Jp nagar 7th phone,Banglore,Karnataka,560078",12.8848224,77.5805794
"Nagandra residencey,41st E cross Grapegarden.4th T.Block Jayanagar,nan,Banglore,Karnataka,nan",12.9181172,77.5893749
"E,245,Ls layout,Amnehalli,Banglore,Karnataka,560092",13.0641037,77.5931209
"Flat No.503.16,SK Residency, Kodihalli Main Road,Indranagar,Banglore,Karnataka,560008",12.9662628,77.6483551
"nan,Banasawadi,nan,Banglore,Karnataka,nan",13.0236933,77.6494011
"94,7th A main,3rd stage,Basanpsalanagar,Banglore,Karnataka,560077",12.9914212,77.5404459
"nan,101 Sadashiva nagar 30, langford garden road,Richman Town,Banglore,Karnataka,560025",13.0107494,77.5763706
"Flat 1710,Glr Appartmant,Niladiri Road,Electroniv city,Banglore,Karnataka,456100",12.8390516,77.6503952
"SF-3, Ck Serenity,4th main,KGE Enclave Sanjay nagar,Banglore,Karnataka,560094",13.039301,77.5739817
"#35/4,Vasanth nagar,nan,Bengaluru,Karnataka,960052",12.9922073,77.5938209
"#664,SBM c0lony srinivasnagar,Banashankari,Bengaluru,Karnataka,560050",12.9366185,77.5487374
"nan,#402,4th floor Ravi-kirapartmeniplain Street ,Shivajinagar,Bengaluru,Karnataka,560001",12.9856503,77.6056927
"701,Farouk manzil 3rd main ITI layout Yellenkunta,nan,Bengaluru,Karnataka,560068",12.8995811,77.6398102
"A003,Sarjapura,Doddakanchchi,nan,Karnataka,560035",12.9048022,77.6821069
"Room No. 202,H.L. No-119,4th cross,Anthappa layout,Doresanipalya, Bilekalli,Bengaluru,Karnataka,560076",12.9012866,77.5968062
"#14/3, 2nd floor,1st main, 2nd cross,Chocolate Factory road,Tavarekere,Bengaluru,Karnataka,560029",12.9206168,77.605745
"4115, Sobha forest view,Vajarahalli main road and off kanakapura,Banashankari 6th stage,Bengaluru,Karnataka,560109",12.8789462,77.5297793
"G-708, Raheja residency,Koramangala 3rd block,Bangalore-South,Bengaluru,Karnataka,560034",12.927931,77.631255
"13/1006 Heritage Estate,yelahanka,Doddaballapur rpad,Bengaluru,Karnataka,560064",13.119665,77.5802762
"31, Kalpataru,6th cross cadmet layout,80ft road, RMN 2nd stage,Bengaluru,Karnataka,560094",12.9976525,77.5713902
"13/1006 Heritage Estate,yelahanka,Doddaballapur rpad,Bengaluru,Karnataka,560064",13.119665,77.5802762
"#10,3rd cross,Srinivas reddy layout R.M Nagar,R.M. nagar,Bengaluru,Karnataka,560016",13.016668,77.6796487
"Flat no: 120706,Sobha dream acres gate 1,Varthur ,Bengaluru,Karnataka,560087",12.9391021,77.7376639
"C 701, Skyline solstice,35, Bhuvanagiri main road,Banaswadi,Bengaluru,Karnataka,560043",13.012972,77.651143
"15/1 25th main,V.V puram road,nan,Bengaluru,Karnataka,560004",12.9191202,77.5927532
"IBIS Hotel,Hosor road,Near Silk board,Bengaluru,Karnataka,nan",12.9006566,77.6320349
"NO.6,Museum Road,MG Road,Bengaluru,Karnataka,560001",12.9741303,77.6030494
"NO.6,Museum Road,MG Road,Bengaluru,Karnataka,560001",12.9741303,77.6030494
"NO.6,Museum Road,MG Road,Bengaluru,Karnataka,560001",12.9741303,77.6030494
"No 26,Rajesh B Devasandra Main ayyappanagar KR Puram,nan,Bengaluru,Karnataka,560036",13.0043149,77.7099644
"No 002,Scion Alovera,Kodihalli Main road,Indira Nagar,nan,Bengaluru,Karnataka,560008",12.9651429,77.6480929
"No 5A-806,Provident Sunnorth,Venkatapura Village,Kengeri Hobli,nan,Bengaluru,Karnataka,560060",12.8817789,77.4706388
"Flat No 604,Esteem Enclave Omkarnagar,Bannerghatta Road,nan,Bengaluru,Karnataka,560076",12.8881731,77.597061
"nan,Yelanka,GHUL Part,Bangalore,Karnataka,560065",13.0935798,77.5778529
"nan,amurthahalli,nan,Bangalore,Karnataka,560092",13.0658792,77.6042056
"26 1st floor,4th block MD block,Chamrajpet,Bangalore,Karnataka,560018",12.9259401,77.5830419
"792,suraj ganga ,Bayanapallya,Kanakpura,Karnataka,560109",12.8754662,77.5418443
"R316,Jeevanhalli,nan,Bangalore,Karnataka,560005",12.9976528,77.6256895
"Bhartiya city,Thanisandra,hegde Nagar,Bangalore,Karnataka,nan",13.0837943,77.6400262
"81206,Thanisandra,Bhrtiya city,Bangalore,Karnataka,nan",13.085357,77.644525
"Divyaloka,96thn main 12th crossbenil layout,nan,Bangalore,Karnataka,560098",12.9155497,77.5134699
"44,DLF western Heights,Akshayanagar,Bangalore,Karnataka,560068",12.8764633,77.6178951
"1069, 4TH FLOOR,8TH MAIN CHOWDESHWARI LAYOUT,MARATHHALLI,BANGALORE ,KARNATAKA,560037",12.9533174,77.6966468
"111 SMAK WHITE STONE APT 5,BALAGI LAYOUT ROLLAGALLI,nan,BANGALORE ,KARNATAKA,nan",12.8556594,77.5948946
"901 CONCERT BLOCK NM SYMPHONY ,KASAVANAHALLI,OFF SARJAUR ROAD,BANGALORE ,KARNATAKA,560035",12.9010838,77.6746997
"901 CONCERT BLOCK NM SYMPHONY ,KASAVANAHALLI,OFF SARJAUR ROAD,BANGALORE ,KARNATAKA,560035",12.9010838,77.6746997
"HO.NO 14, BELAKU,RAJU LAYOUT,NAGADEVANAHALLI,BANGALORE ,KARNATAKA,560056",12.910974,77.479986
"BYRAPPA ENCLAVE FALT NO 303 3RD FLOOR,8TH MAIN WARD NO 20,SHIVANAGAR WOC ROAD,BANGALORE ,KARNATAKA,560010",12.9905311,77.5492049
"224,RMV 2ND STAGE SANJAYNAGAR,nan,BANGALORE ,KARNATAKA,560094",13.0275384,77.5735256
"214,FERNS RESIDENCY,K NARAYANAPURA,BANGALORE ,KARNATAKA,560077",13.0577117,77.6400098
"211 KOLIMI HEIGHTS,THAMARAI KANNAN ROAD,MURPHY TOWN ULSOOR,BANGALORE ,KARNATAKA,560008",12.9809108,77.6287662
"22,Koramangala,nan,Bangalore ,Karnataka,560034",12.9261382,77.6221091
